Fecha y Hora,Acci√≥n,Precio (CLP),Volumen,Monto
2024-12-27 20:29:26,TECB,"53,93",170,9
2024-12-27 20:29:26,CGE,"358,23",35.639,12.567
2024-12-27 20:29:26,GOOGCL,"192.853,00",43,8.293
2024-12-27 20:29:26,QUAL,"180,00",51,9
2024-12-27 20:29:26,IANSA,"25,21",352.897,8.845
2024-12-27 20:29:26,CENCOMALLS,"1.556,00",929.366,1.446.946
2024-12-27 20:29:26,ANDINA-A,"2.399,20",101.997,243.042
2024-12-27 20:29:26,QUINENCO,"3.260,00",492.622,1.584.299
2024-12-27 20:29:26,LAS CONDES,"11.055,00",2.952,32.391
2024-12-27 20:29:26,SALFACORP,"563,00",882.564,491.530
2024-12-27 20:29:26,EMBONOR-B,"1.198,50",50.220,60.174
2024-12-27 20:29:26,VAPORES,"53,50",36.161.800,1.934.383
2024-12-27 20:29:26,CENCOSUD,"2.200,00",1.501.323,3.302.612
2024-12-27 20:29:26,FALABELLA,"3.475,00",1.250.424,4.347.274
2024-12-27 20:29:26,SQM-B,"36.948,00",136.496,5.055.295
2024-12-27 20:29:26,CCU,"5.760,00",376.812,2.175.226
2024-12-27 20:29:27,CHILE,"113,00",56.725.892,6.428.152
2024-12-27 20:29:27,BSANTANDER,"47,30",51.010.744,2.413.192
2024-12-27 20:29:27,ENELCHILE,"57,00",59.961.282,3.417.656
2024-12-27 20:29:27,LTM,"13,68",170.521.783,2.341.735
2024-12-27 20:29:27,ENELAM,"87,00",29.659.447,2.583.579
2024-12-27 20:29:27,ORO BLANCO,"4,15",903.919.043,3.751.266
2024-12-27 20:29:27,MASISA,"13,66",2.580.344,35.401
2024-12-27 20:29:27,AMZNCL,"221.628,00",592,130.676
2024-12-27 20:29:27,MSFTCL,"426.081,00",288,122.805
2024-12-27 20:29:27,IYW,"161,61",53,9
2024-12-27 20:29:27,ABC,"9,19",2.195.554,20.142
2024-12-27 20:29:27,PARAUCO,"1.556,50",861.026,1.349.821
2024-12-27 20:29:27,NVDACL,"134.230,00",1.656,223.647
2024-12-27 20:29:27,TSLACL,"432.337,00",221,95.722
2024-12-27 20:29:27,PFECL,"26.500,00",317,8.400
2024-12-27 20:29:27,FOSFOROS,"450,00",227.016,102.157
2024-12-27 20:29:27,ENJOY,"0,25",196.850.815,48.585
